The following stages were renamed to help with consistency in file structure and identifying competitive alts. Otherwise, no changes were done.

STGBATTLEFIELD_L_MELEE > STGBATTLEFIELD_L_BF_MELEE

STGBATTLEFIELD_Z_TORNSKY > STGBATTLEFIELD_Z_BF_TORNSKY

STGDREAMLAND_L_WINTER > STGDREAMLAND_L_DL_WINTER

STGDREAMLAND_R_NIGHT > STGDREAMLAND_R_DL_NIGHT

STGDREAMLAND_Y_64 > STGDREAMLAND_Y_DL_64

STGDREAMLAND_Z_FALL > STGDREAMLAND_Z_DL_FALL

STGFINALDESTINATION_L_BRAWL > STGFINALDESTINATION_L_FD_BRAWL

STGFINALDESTINATION_LR_MELEE_COLOR > STGFINALDESTINATION_LR_FD_MELEE_COLOR

STGFINALDESTINATION_R_PROJECTM > STGFINALDESTINATION_R_FD_PROJECTM

STGFINALDESTINATION_Z_PLANETS > STGFINALDESTINATION_Z_FD_PLANETS

STGJUNGLEJAPES_Z_YI_KONGOFALLS > STGJUNGLEJAPES_Z_YIPM_KONGOFALLS

STGSAFFRONCITY_R_CS_SAFFRON > STGSAFFRONCITY_R_TOT_SAFFRON
 
STGSKYSANCTUARY_R_CHAOSANGEL > STGSKYSANCTUARY_R_SSZ_CHAOSANGEL

STGSMASHVILLE_L_SAKURA > STGSMASHVILLE_L_SV_SAKURA

STGSMASHVILLE_R_BEACH > STGSMASHVILLE_R_SV_BEACH

STGSMASHVILLE_Z_OCEAN > STGSMASHVILLE_Z_SV_OCEAN

STGYOSHISTORY_R_SS_YOSHI64 > STGYOSHISTORY_R_SSZ_YOSHI64

STGSUBSPACE_L_CSPM_RUINS > STGSUBSPACE_L_CS_RUINS
